content,timestamp
"Loving the new #AI trends! #tech",2024-11-01 10:00:00
"Exploring #AI in daily life. #innovation",2024-11-01 12:00:00
"The rise of #AI #machinelearning is fascinating!",2024-11-02 09:30:00
"People are talking about #tech and #innovation a lot recently!",2024-11-02 14:45:00
"#AI and #robotics are shaping the future. #tech",2024-11-03 08:15:00
"Learning #Python for #machinelearning and #AI!",2024-11-03 17:00:00
"What's next in #innovation and #tech?",2024-11-04 13:20:00
"#AI tools are trending fast. #automation",2024-11-04 15:50:00
"The future is all about #machinelearning and #AI. #tech",2024-11-05 11:00:00
"#tech trends are skyrocketing! #AI #innovation",2024-11-05 20:30:00
